{
  "common_abbreviations": {
    "coord": ["coordinate", "coordinates"],
    "coords": ["coordinates"],
    "pos": ["position"],
    "pt": ["point"],
    "pts": ["points"],
    "calc": ["calculate", "calculation"],
    "mgr": ["manager"],
    "mngr": ["manager"],
    "mgmt": ["management"],
    "sys": ["system"],
    "svc": ["service"],
    "srv": ["service"],
    "util": ["utility", "utilities"],
    "utils": ["utilities"],
    "helpers": ["utilities", "helpers"],
    "props": ["properties"],
    "attr": ["attribute", "attributes"],
    "attrs": ["attributes"],
    "cfg": ["config", "configuration"],
    "conf": ["config", "configuration"],
    "init": ["initialize", "initialization"],
    "impl": ["implementation"],
    "ref": ["reference"],
    "refs": ["references"],
    "ctx": ["context"],
    "evt": ["event"],
    "evts": ["events"],
    "cb": ["callback"],
    "fn": ["function"],
    "func": ["function"],
    "obj": ["object"],
    "objs": ["objects"],
    "elem": ["element"],
    "el": ["element"],
    "idx": ["index"],
    "len": ["length"],
    "str": ["string"],
    "num": ["number"],
    "val": ["value"],
    "vals": ["values"],
    "min": ["minimum"],
    "max": ["maximum"],
    "temp": ["temporary"],
    "tmp": ["temporary"],
    "prev": ["previous"],
    "curr": ["current"],
    "cur": ["current"],
    "next": ["next"],
    "info": ["information"],
    "desc": ["description"],
    "req": ["request", "required"],
    "res": ["response", "result"],
    "resp": ["response"],
    "err": ["error"],
    "msg": ["message"],
    "img": ["image"],
    "pic": ["picture", "image"],
    "url": ["url"],
    "uri": ["uri"],
    "id": ["identifier"],
    "uid": ["unique_identifier"],
    "uuid": ["unique_identifier"],
    "btn": ["button"],
    "lbl": ["label"],
    "txt": ["text"],
    "src": ["source"],
    "dest": ["destination"],
    "dst": ["destination"],
    "dir": ["directory", "direction"],
    "path": ["path"],
    "file": ["file"],
    "doc": ["document"],
    "docs": ["documents", "documentation"],
    "api": ["api"],
    "http": ["http"],
    "https": ["https"],
    "auth": ["authentication", "authorization"],
    "db": ["database"],
    "sql": ["sql"]
  },
  "dxf_domain_abbreviations": {
    "dxf": ["drawing_exchange_format"],
    "dwg": ["drawing"],
    "cad": ["computer_aided_design"],
    "geom": ["geometry", "geometric"],
    "rect": ["rectangle"],
    "poly": ["polygon", "polyline"],
    "circ": ["circle"],
    "arc": ["arc"],
    "pt": ["point"],
    "pts": ["points"],
    "coord": ["coordinate"],
    "coords": ["coordinates"],
    "pos": ["position"],
    "transform": ["transformation"],
    "xform": ["transformation"],
    "mat": ["matrix"],
    "vec": ["vector"],
    "vect": ["vector"],
    "norm": ["normal", "normalize"],
    "perp": ["perpendicular"],
    "dist": ["distance"],
    "area": ["area"],
    "vol": ["volume"],
    "dim": ["dimension", "dimensional"],
    "2d": ["two_dimensional"],
    "3d": ["three_dimensional"],
    "x": ["x_coordinate"],
    "y": ["y_coordinate"],
    "z": ["z_coordinate"],
    "w": ["width"],
    "h": ["height"],
    "d": ["depth"],
    "r": ["radius"],
    "dia": ["diameter"],
    "ang": ["angle"],
    "rot": ["rotation", "rotate"],
    "scale": ["scale"],
    "zoom": ["zoom"],
    "pan": ["pan"],
    "sel": ["selection", "select"],
    "hover": ["hover"],
    "click": ["click"],
    "drag": ["drag"],
    "drop": ["drop"],
    "snap": ["snap"],
    "grip": ["grip"],
    "handle": ["handle"],
    "ctrl": ["control"],
    "cmd": ["command"],
    "tool": ["tool"],
    "mode": ["mode"],
    "layer": ["layer"],
    "lvl": ["level"],
    "scene": ["scene"],
    "entity": ["entity"],
    "obj": ["object"],
    "render": ["render", "rendering"],
    "draw": ["draw", "drawing"],
    "paint": ["paint"],
    "canvas": ["canvas"],
    "overlay": ["overlay"],
    "ui": ["user_interface"],
    "ux": ["user_experience"],
    "gui": ["graphical_user_interface"],
    "win": ["window"],
    "dlg": ["dialog"],
    "modal": ["modal"],
    "panel": ["panel"],
    "tab": ["tab"],
    "menu": ["menu"],
    "toolbar": ["toolbar"],
    "statusbar": ["status_bar"],
    "sidebar": ["sidebar"]
  },
  "technical_abbreviations": {
    "js": ["javascript"],
    "ts": ["typescript"],
    "tsx": ["typescript_jsx"],
    "jsx": ["javascript_jsx"],
    "css": ["cascading_style_sheets"],
    "html": ["hypertext_markup_language"],
    "json": ["javascript_object_notation"],
    "xml": ["extensible_markup_language"],
    "svg": ["scalable_vector_graphics"],
    "png": ["portable_network_graphics"],
    "jpg": ["joint_photographic_experts_group"],
    "jpeg": ["joint_photographic_experts_group"],
    "gif": ["graphics_interchange_format"],
    "pdf": ["portable_document_format"],
    "csv": ["comma_separated_values"],
    "md": ["markdown"],
    "yml": ["yaml"],
    "yaml": ["yaml"],
    "env": ["environment"],
    "dev": ["development"],
    "prod": ["production"],
    "test": ["test"],
    "spec": ["specification"],
    "pkg": ["package"],
    "lib": ["library"],
    "libs": ["libraries"],
    "mod": ["module"],
    "comp": ["component"],
    "comps": ["components"],
    "hook": ["hook"],
    "hoc": ["higher_order_component"],
    "ctx": ["context"],
    "store": ["store"],
    "state": ["state"],
    "action": ["action"],
    "reducer": ["reducer"],
    "middleware": ["middleware"],
    "route": ["route"],
    "router": ["router"],
    "nav": ["navigation"],
    "link": ["link"],
    "btn": ["button"],
    "input": ["input"],
    "form": ["form"],
    "field": ["field"],
    "valid": ["validation", "validate"],
    "auth": ["authentication"],
    "session": ["session"],
    "token": ["token"],
    "jwt": ["json_web_token"],
    "oauth": ["open_authorization"],
    "rest": ["representational_state_transfer"],
    "api": ["application_programming_interface"],
    "sdk": ["software_development_kit"],
    "cli": ["command_line_interface"],
    "gui": ["graphical_user_interface"],
    "ui": ["user_interface"],
    "ux": ["user_experience"]
  },
  "business_abbreviations": {
    "admin": ["administrator", "administration"],
    "mgmt": ["management"],
    "ops": ["operations"],
    "biz": ["business"],
    "org": ["organization"],
    "dept": ["department"],
    "proj": ["project"],
    "task": ["task"],
    "req": ["requirement"],
    "spec": ["specification"],
    "doc": ["document"],
    "report": ["report"],
    "analytics": ["analytics"],
    "stats": ["statistics"],
    "metrics": ["metrics"],
    "kpi": ["key_performance_indicator"],
    "roi": ["return_on_investment"],
    "crm": ["customer_relationship_management"],
    "erp": ["enterprise_resource_planning"],
    "hr": ["human_resources"],
    "it": ["information_technology"],
    "qa": ["quality_assurance"],
    "qc": ["quality_control"],
    "pm": ["project_management"],
    "ba": ["business_analyst"],
    "po": ["product_owner"],
    "sm": ["scrum_master"],
    "dev": ["developer", "development"],
    "eng": ["engineer", "engineering"],
    "arch": ["architect", "architecture"],
    "lead": ["lead"],
    "sr": ["senior"],
    "jr": ["junior"],
    "mgr": ["manager"],
    "dir": ["director"],
    "vp": ["vice_president"],
    "ceo": ["chief_executive_officer"],
    "cto": ["chief_technology_officer"],
    "cfo": ["chief_financial_officer"]
  },
  "greek_technical_terms": {
    "εμβαδον": ["area", "εμβαδό"],
    "περιμετρος": ["perimeter", "περίμετρος"],
    "γωνια": ["angle", "γωνία"],
    "γωνιες": ["angles", "γωνίες"],
    "σημειο": ["point", "σημείο"],
    "σημεια": ["points", "σημεία"],
    "γραμμη": ["line", "γραμμή"],
    "γραμμες": ["lines", "γραμμές"],
    "κυκλος": ["circle", "κύκλος"],
    "κυκλοι": ["circles", "κύκλοι"],
    "ορθογωνιο": ["rectangle", "ορθογώνιο"],
    "τετραγωνο": ["square", "τετράγωνο"],
    "πολυγωνο": ["polygon", "πολύγωνο"],
    "καμβας": ["canvas", "καμβάς"],
    "επιπεδο": ["layer", "επίπεδο"],
    "επιπεδα": ["layers", "επίπεδα"],
    "εργαλειο": ["tool", "εργαλείο"],
    "εργαλεια": ["tools", "εργαλεία"],
    "επιλογη": ["selection", "επιλογή"],
    "μετρηση": ["measurement", "μέτρηση"],
    "μετρησεις": ["measurements", "μετρήσεις"],
    "ζουμ": ["zoom", "ζουμ"],
    "μεγεθυνση": ["zoom", "μεγέθυνση"],
    "συντεταγμενη": ["coordinate", "συντεταγμένη"],
    "συντεταγμενες": ["coordinates", "συντεταγμένες"],
    "μετασχηματισμος": ["transformation", "μετασχηματισμός"],
    "περιστροφη": ["rotation", "περιστροφή"],
    "μετατοπιση": ["translation", "μετατόπιση"],
    "κλιμακωση": ["scaling", "κλιμάκωση"]
  }
}