{
  "entities": {
    "canonical": "entity",
    "alternatives": ["object", "item", "element", "shape"],
    "description": "A drawable object in the scene (line, circle, etc)",
    "greek": "οντότητα"
  },
  "drawing": {
    "canonical": "drawing",
    "alternatives": ["sketch", "draft", "design"],
    "description": "The act or result of creating entities",
    "greek": "σχέδιο"
  },
  "tool": {
    "canonical": "tool",
    "alternatives": ["instrument", "mode", "command"],
    "description": "Drawing tool like line, rectangle, circle",
    "greek": "εργαλείο"
  },
  "layer": {
    "canonical": "layer",
    "alternatives": ["level", "sheet"],
    "description": "Organizational layer for entities",
    "greek": "στρώμα"
  },
  "coordinate": {
    "canonical": "coordinate",
    "alternatives": ["coord", "position", "point"],
    "description": "X,Y position in 2D space",
    "greek": "συντεταγμένη"
  },
  "transform": {
    "canonical": "transform",
    "alternatives": ["transformation", "matrix", "conversion"],
    "description": "Mathematical transformation (translate, scale, rotate)",
    "greek": "μετασχηματισμός"
  },
  "selection": {
    "canonical": "selection",
    "alternatives": ["selected", "picked", "chosen"],
    "description": "Currently selected entities",
    "greek": "επιλογή"
  },
  "snap": {
    "canonical": "snapPoint",
    "alternatives": ["snap", "anchor", "magnetPoint"],
    "description": "Point that attracts cursor for precision",
    "greek": "σημείο κόλλησης"
  },
  "grip": {
    "canonical": "grip",
    "alternatives": ["handle", "control", "manipulator"],
    "description": "Visual handle for editing entities",
    "greek": "λαβή"
  },
  "overlay": {
    "canonical": "overlay",
    "alternatives": ["region", "area", "polygon"],
    "description": "User-drawn overlay regions",
    "greek": "επικάλυψη"
  },
  "canvas": {
    "canonical": "canvas",
    "alternatives": ["viewport", "drawingArea", "surface"],
    "description": "The drawing surface",
    "greek": "καμβάς"
  },
  "scene": {
    "canonical": "scene",
    "alternatives": ["document", "drawing", "model"],
    "description": "Collection of entities and layers",
    "greek": "σκηνή"
  },
  "zoom": {
    "canonical": "zoom",
    "alternatives": ["scale", "magnification", "level"],
    "description": "Magnification level of the view",
    "greek": "μεγέθυνση"
  },
  "pan": {
    "canonical": "pan",
    "alternatives": ["move", "translate", "scroll"],
    "description": "Moving the view without changing zoom",
    "greek": "μετακίνηση"
  },
  "render": {
    "canonical": "render",
    "alternatives": ["draw", "paint", "display"],
    "description": "Display entities on canvas",
    "greek": "αποτύπωση"
  },
  "manager": {
    "canonical": "Manager",
    "alternatives": ["Controller", "Handler", "Service"],
    "description": "Class that manages a specific domain",
    "greek": "διαχειριστής"
  },
  "system": {
    "canonical": "System",
    "alternatives": ["Module", "Component", "Engine"],
    "description": "High-level system component",
    "greek": "σύστημα"
  },
  "engine": {
    "canonical": "Engine",
    "alternatives": ["Processor", "Calculator", "Core"],
    "description": "Core processing component",
    "greek": "μηχανή"
  },
  "factory": {
    "canonical": "Factory",
    "alternatives": ["Builder", "Creator", "Generator"],
    "description": "Object creation utility",
    "greek": "εργοστάσιο"
  },
  "state": {
    "canonical": "State",
    "alternatives": ["Data", "Model", "Store"],
    "description": "Application state container",
    "greek": "κατάσταση"
  },
  "action": {
    "canonical": "Action",
    "alternatives": ["Command", "Operation", "Function"],
    "description": "User action or system operation",
    "greek": "ενέργεια"
  },
  "handler": {
    "canonical": "Handler",
    "alternatives": ["Processor", "Manager", "Controller"],
    "description": "Event or action processor",
    "greek": "χειριστής"
  },
  "integration": {
    "canonical": "Integration",
    "alternatives": ["Bridge", "Connector", "Adapter"],
    "description": "Component connecting different systems",
    "greek": "ενσωμάτωση"
  },
  "orchestrator": {
    "canonical": "Orchestrator",
    "alternatives": ["Coordinator", "Director", "Controller"],
    "description": "High-level coordination component",
    "greek": "ενορχηστρωτής"
  }
}